{
    
    "PaoPao": {
    "type": "image",
    "container": [
            {
        "icon": "<img class=\"biaoqing\" src=\"/usr/themes/Ying/assets/OwO/owo/paopao/E591B5E591B5_2x.png\">",
        "data": "::(呵呵)",
        "text": "呵呵"
            },
			{
			"icon": "<img class=\"biaoqing\" src=\"/usr/themes/Ying/assets/OwO/owo/paopao/E59388E59388_2x.png\">",
			"data": "::(哈哈)",
			"text": "哈哈"
			},
			{
			"icon": "<img class=\"biaoqing\" src=\"/usr/themes/Ying/assets/OwO/owo/paopao/E59090E8888C_2x.png\">",
			"data": "::(吐舌)",
			"text": "吐舌"
			},
			{
			"icon": "<img class=\"biaoqing\" src=\"/usr/themes/Ying/assets/OwO/owo/paopao/E6838AE68190_2x.png\">",
			"data": "::(惊恐)",
			"text": "惊恐"
			},
			{
			"icon": "<img class=\"biaoqing\" src=\"/usr/themes/Ying/assets/OwO/owo/paopao/E985B7_2x.png\">",
			"data": "::(酷)",
			"text": "酷"
			},
			{
			"icon": "<img class=\"biaoqing\" src=\"/usr/themes/Ying/assets/OwO/owo/paopao/E58F91E9A399_2x.png\">",
			"data": "::(发飙)",
			"text": "发飙"
			},
			{
			"icon": "<img class=\"biaoqing\" src=\"/usr/themes/Ying/assets/OwO/owo/paopao/E597AFE593BC_2x.png\">",
			"data": "::(嗯哼)",
			"text": "嗯哼"
			},
			{
			"icon": "<img class=\"biaoqing\" src=\"/usr/themes/Ying/assets/OwO/owo/paopao/E6B581E6B197_2x.png\">",
			"data": "::(流汗)",
			"text": "流汗"
			},
			{
			"icon": "<img class=\"biaoqing\" src=\"/usr/themes/Ying/assets/OwO/owo/paopao/E5A4A7E593AD_2x.png\">",
			"data": "::(大哭)",
			"text": "大哭"
			},
			{
			"icon": "<img class=\"biaoqing\" src=\"/usr/themes/Ying/assets/OwO/owo/paopao/E5B0B4E5B0AC_2x.png\">",
			"data": "::(尴尬)",
			"text": "尴尬"
			},
			{
			"icon": "<img class=\"biaoqing\" src=\"/usr/themes/Ying/assets/OwO/owo/paopao/E9BB91E884B8_2x.png\">",
			"data": "::(黑脸)",
			"text": "黑脸"
			},
			{
			"icon": "<img class=\"biaoqing\" src=\"/usr/themes/Ying/assets/OwO/owo/paopao/E8B685E8B59E_2x.png\">",
			"data": "::(超赞)",
			"text": "超赞"
			},
			{
			"icon": "<img class=\"biaoqing\" src=\"/usr/themes/Ying/assets/OwO/owo/paopao/E98791E992B1_2x.png\">",
			"data": "::(金钱)",
			"text": "金钱"
			},
			{
			"icon": "<img class=\"biaoqing\" src=\"/usr/themes/Ying/assets/OwO/owo/paopao/E9BB91E884B8_2x.png\">",
			"data": "::(疑问)",
			"text": "疑问"
			},
			{
			"icon": "<img class=\"biaoqing\" src=\"/usr/themes/Ying/assets/OwO/owo/paopao/E5B0ACE884B8_2x.png\">",
			"data": "::(尬脸)",
			"text": "尬脸"
			},
			{
			"icon": "<img class=\"biaoqing\" src=\"/usr/themes/Ying/assets/OwO/owo/paopao/E59090_2x.png\">",
			"data": "::(吐)",
			"text": "吐"
			},
			{
			"icon": "<img class=\"biaoqing\" src=\"/usr/themes/Ying/assets/OwO/owo/paopao/E593A6E8B181_2x.png\">",
			"data": "::(哦豁)",
			"text": "哦豁"
			},
			{
			"icon": "<img class=\"biaoqing\" src=\"/usr/themes/Ying/assets/OwO/owo/paopao/E5A794E5B188_2x.png\">",
			"data": "::(委屈)",
			"text": "委屈"
			},
			{
			"icon": "<img class=\"biaoqing\" src=\"/usr/themes/Ying/assets/OwO/owo/paopao/E79CAFE79CBCE7AC91_2x.png\">",
			"data": "::(眯眼笑)",
			"text": "眯眼笑"
			},
			{
			"icon": "<img class=\"biaoqing\" src=\"/usr/themes/Ying/assets/OwO/owo/paopao/E5939FE59AAF_2x.png\">",
			"data": "::(哟嚯)",
			"text": "哟嚯"
			},
			{
			"icon": "<img class=\"biaoqing\" src=\"/usr/themes/Ying/assets/OwO/owo/paopao/E8B685E5BC80E5BF83_2x.png\">",
			"data": "::(超开心)",
			"text": "超开心"
			},
			{
			"icon": "<img class=\"biaoqing\" src=\"/usr/themes/Ying/assets/OwO/owo/paopao/E6BB91E7A8BD_2x.png\">",
			"data": "::(滑稽)",
			"text": "滑稽"
			},
			{
			"icon": "<img class=\"biaoqing\" src=\"/usr/themes/Ying/assets/OwO/owo/paopao/E79CA8E79CBC_2x.png\">",
			"data": "::(眨眼)",
			"text": "眨眼"
			},
			{
			"icon": "<img class=\"biaoqing\" src=\"/usr/themes/Ying/assets/OwO/owo/paopao/E7BEA1E68595_2x.png\">",
			"data": "::(羡慕)",
			"text": "羡慕"
			},
			{
			"icon": "<img class=\"biaoqing\" src=\"/usr/themes/Ying/assets/OwO/owo/paopao/E585A5E79CA0_2x.png\">",
			"data": "::(入眠)",
			"text": "入眠"
			},
			{
			"icon": "<img class=\"biaoqing\" src=\"/usr/themes/Ying/assets/OwO/owo/paopao/E6838AE593AD_2x.png\">",
			"data": "::(惊哭)",
			"text": "惊哭"
			},
			{
			"icon": "<img class=\"biaoqing\" src=\"/usr/themes/Ying/assets/OwO/owo/paopao/E6B094E591BCE591BC_2x.png\">",
			"data": "::(气呼呼)",
			"text": "气呼呼"
			},
			{
			"icon": "<img class=\"biaoqing\" src=\"/usr/themes/Ying/assets/OwO/owo/paopao/E99C87E6838A_2x.png\">",
			"data": "::(震惊)",
			"text": "震惊"
			},
			{
			"icon": "<img class=\"biaoqing\" src=\"/usr/themes/Ying/assets/OwO/owo/paopao/E596B7E6B0B4_2x.png\">",
			"data": "::(喷水)",
			"text": "喷水"
			},
			{
			"icon": "<img class=\"biaoqing\" src=\"/usr/themes/Ying/assets/OwO/owo/paopao/E788B1E5BF83_2x.png\">",
			"data": "::(爱心)",
			"text": "爱心"
			},
			{
			"icon": "<img class=\"biaoqing\" src=\"/usr/themes/Ying/assets/OwO/owo/paopao/E5BF83E7A28E_2x.png\">",
			"data": "::(心碎)",
			"text": "心碎"
			},
			{
			"icon": "<img class=\"biaoqing\" src=\"/usr/themes/Ying/assets/OwO/owo/paopao/E78EABE791B0_2x.png\">",
			"data": "::(玫瑰)",
			"text": "玫瑰"
			},
			{
			"icon": "<img class=\"biaoqing\" src=\"/usr/themes/Ying/assets/OwO/owo/paopao/E7A4BCE789A9_2x.png\">",
			"data": "::(礼物)",
			"text": "礼物"
			},
			{
			"icon": "<img class=\"biaoqing\" src=\"/usr/themes/Ying/assets/OwO/owo/paopao/E59296E595A1_2x.png\">",
			"data": "::(咖啡)",
			"text": "咖啡"
			},
			{
			"icon": "<img class=\"biaoqing\" src=\"/usr/themes/Ying/assets/OwO/owo/paopao/4F4B_2x.png\">",
			"data": "::(OK)",
			"text": "OK"
			},
			{
			"icon": "<img class=\"biaoqing\" src=\"/usr/themes/Ying/assets/OwO/owo/paopao/E5B08FE697A0E5A588_2x.png\">",
			"data": "::(小无奈)",
			"text": "小无奈"
			},
			{
			"icon": "<img class=\"biaoqing\" src=\"/usr/themes/Ying/assets/OwO/owo/paopao/E581B7E7AC91_2x.png\">",
			"data": "::(偷笑)",
			"text": "偷笑"
			},
			{
			"icon": "<img class=\"biaoqing\" src=\"/usr/themes/Ying/assets/OwO/owo/paopao/E59D8FE7AC91_2x.png\">",
			"data": "::(坏笑)",
			"text": "坏笑"
			},
			{
			"icon": "<img class=\"biaoqing\" src=\"/usr/themes/Ying/assets/OwO/owo/paopao/E58DA7E6A7BD_2x.png\">",
			"data": "::(卧槽)",
			"text": "卧槽"
			},
			{
			"icon": "<img class=\"biaoqing\" src=\"/usr/themes/Ying/assets/OwO/owo/paopao/E8A681E6ADBB_2x.png\">",
			"data": "::(要死)",
			"text": "要死"
			},
			{
			"icon": "<img class=\"biaoqing\" src=\"/usr/themes/Ying/assets/OwO/owo/paopao/E4BA9AE9BABBE8B78C_2x.png\">",
			"data": "::(亚麻跌)",
			"text": "亚麻跌"
			},
			{
			"icon": "<img class=\"biaoqing\" src=\"/usr/themes/Ying/assets/OwO/owo/paopao/E7AC91E593ADE4BA86_2x.png\">",
			"data": "::(笑哭了)",
			"text": "笑哭了"
			},
			{
			"icon": "<img class=\"biaoqing\" src=\"/usr/themes/Ying/assets/OwO/owo/paopao/E78A80E588A9_2x.png\">",
			"data": "::(犀利)",
			"text": "犀利"
			},
			{
			"icon": "<img class=\"biaoqing\" src=\"/usr/themes/Ying/assets/OwO/owo/paopao/E79086E4B880E4B88B_2x.png\">",
			"data": "::(理一下)",
			"text": "理一下"
			},
			{
			"icon": "<img class=\"biaoqing\" src=\"/usr/themes/Ying/assets/OwO/owo/paopao/E59D90E7ABAFE6ADA3_2x.png\">",
			"data": "::(坐端正)",
			"text": "坐端正"
			},
			{
			"icon": "<img class=\"biaoqing\" src=\"/usr/themes/Ying/assets/OwO/owo/paopao/E5AE8CE7BE8E_2x.png\">",
			"data": "::(完美)",
			"text": "完美"
			},
			{
			"icon": "<img class=\"biaoqing\" src=\"/usr/themes/Ying/assets/OwO/owo/paopao/E59083E7939C_2x.png\">",
			"data": "::(吃瓜)",
			"text": "吃瓜"
			},
			{
			"icon": "<img class=\"biaoqing\" src=\"/usr/themes/Ying/assets/OwO/owo/paopao/E6918AE6898B_2x.png\">",
			"data": "::(摊手)",
			"text": "摊手"
			},
			{
			"icon": "<img class=\"biaoqing\" src=\"/usr/themes/Ying/assets/OwO/owo/paopao/E59BB0E78B97_2x.png\">",
			"data": "::(困狗)",
			"text": "困狗"
			},
			{
			"icon": "<img class=\"biaoqing\" src=\"/usr/themes/Ying/assets/OwO/owo/paopao/E99DA0E5A299E79C8B_2x.png\">",
			"data": "::(靠墙看)",
			"text": "靠墙看"
			},
			{
			"icon": "<img class=\"biaoqing\" src=\"/usr/themes/Ying/assets/OwO/owo/paopao/E58F91E78EB0_2x.png\">",
			"data": "::(发现)",
			"text": "发现"
			},
			{
			"icon": "<img class=\"biaoqing\" src=\"/usr/themes/Ying/assets/OwO/owo/paopao/E9A5AEE98592_2x.png\">",
			"data": "::(饮酒)",
			"text": "饮酒"
			},
			{
			"icon": "<img class=\"biaoqing\" src=\"/usr/themes/Ying/assets/OwO/owo/paopao/E5BF8DE7AC91_2x.png\">",
			"data": "::(忍笑)",
			"text": "忍笑"
			},
			{
			"icon": "<img class=\"biaoqing\" src=\"/usr/themes/Ying/assets/OwO/owo/paopao/E8ADA6E5918A_2x.png\">",
			"data": "::(警告)",
			"text": "警告"
			},
			{
			"icon": "<img class=\"biaoqing\" src=\"/usr/themes/Ying/assets/OwO/owo/paopao/E782B8E9BB91_2x.png\">",
			"data": "::(炸黑)",
			"text": "炸黑"
			},
			{
			"icon": "<img class=\"biaoqing\" src=\"/usr/themes/Ying/assets/OwO/owo/paopao/E6BB91E7A8BDE6B197_2x.png\">",
			"data": "::(滑稽汗)",
			"text": "滑稽汗"
			},
			{
			"icon": "<img class=\"biaoqing\" src=\"/usr/themes/Ying/assets/OwO/owo/paopao/E68993E884B8_2x.png\">",
			"data": "::(打脸)",
			"text": "打脸"
			},
			{
			"icon": "<img class=\"biaoqing\" src=\"/usr/themes/Ying/assets/OwO/owo/paopao/E88396E6ACA1_2x.png\">",
			"data": "::(胖次)",
			"text": "胖次"
			},
			{
			"icon": "<img class=\"biaoqing\" src=\"/usr/themes/Ying/assets/OwO/owo/paopao/E4BD8EE79C8B_2x.png\">",
			"data": "::(低看)",
			"text": "低看"
			}
			
    ]},
	"Adai": {
	"type": "image",
	"container": [
	        {
	    "icon": "<img class=\"biaoqing\" src=\"/usr/themes/Ying/assets/OwO/owo/adai/E684A4E68092.gif\">",
	    "data": ":*(愤怒)",
	    "text": "愤怒"
	        },
			{
			"icon": "<img class=\"biaoqing\" src=\"/usr/themes/Ying/assets/OwO/owo/adai/E8A385E985B7.gif\">",
			"data": ":*(装酷)",
			"text": "装酷"
			},
			{
			"icon": "<img class=\"biaoqing\" src=\"/usr/themes/Ying/assets/OwO/owo/adai/E5A794E5B188.gif\">",
			"data": ":*(委屈)",
			"text": "委屈"
			},
			{
			"icon": "<img class=\"biaoqing\" src=\"/usr/themes/Ying/assets/OwO/owo/adai/E98499E8A786.gif\">",
			"data": ":*(鄙视)",
			"text": "鄙视"
			},
			{
			"icon": "<img class=\"biaoqing\" src=\"/usr/themes/Ying/assets/OwO/owo/adai/E5B0B4E5B0AC.gif\">",
			"data": ":*(尴尬)",
			"text": "尴尬"
			},
			{
			"icon": "<img class=\"biaoqing\" src=\"/usr/themes/Ying/assets/OwO/owo/adai/E9AD94E9ACBC.gif\">",
			"data": ":*(魔鬼)",
			"text": "魔鬼"
			},
			{
			"icon": "<img class=\"biaoqing\" src=\"/usr/themes/Ying/assets/OwO/owo/adai/E6838AE68190.gif\">",
			"data": ":*(惊恐)",
			"text": "惊恐"
			},
			{
			"icon": "<img class=\"biaoqing\" src=\"/usr/themes/Ying/assets/OwO/owo/adai/E4BAB2E4BAB2.gif\">",
			"data": ":*(亲亲)",
			"text": "亲亲"
			},
			{
			"icon": "<img class=\"biaoqing\" src=\"/usr/themes/Ying/assets/OwO/owo/adai/E5969CE6ACA2.gif\">",
			"data": ":*(喜欢)",
			"text": "喜欢"
			},
			{
			"icon": "<img class=\"biaoqing\" src=\"/usr/themes/Ying/assets/OwO/owo/adai/E78CAAE5A4B4.gif\">",
			"data": ":*(猪头)",
			"text": "猪头"
			},
			{
			"icon": "<img class=\"biaoqing\" src=\"/usr/themes/Ying/assets/OwO/owo/adai/E68AA0E9BCBB.gif\">",
			"data": ":*(抠鼻)",
			"text": "抠鼻"
			},
			{
			"icon": "<img class=\"biaoqing\" src=\"/usr/themes/Ying/assets/OwO/owo/adai/E4BCA4E5BF83.gif\">",
			"data": ":*(伤心)",
			"text": "伤心"
			},
			{
			"icon": "<img class=\"biaoqing\" src=\"/usr/themes/Ying/assets/OwO/owo/adai/E59083E6838A.gif\">",
			"data": ":*(吃惊)",
			"text": "吃惊"
			},
			{
			"icon": "<img class=\"biaoqing\" src=\"/usr/themes/Ying/assets/OwO/owo/adai/E5BEAEE7AC91.gif\">",
			"data": ":*(微笑)",
			"text": "微笑"
			},
			{
			"icon": "<img class=\"biaoqing\" src=\"/usr/themes/Ying/assets/OwO/owo/adai/E982AAE7AC91.gif\">",
			"data": ":*(邪笑)",
			"text": "邪笑"
			},
			{
			"icon": "<img class=\"biaoqing\" src=\"/usr/themes/Ying/assets/OwO/owo/adai/E5A4B1E890BD.gif\">",
			"data": ":*(失落)",
			"text": "失落"
			},
			{
			"icon": "<img class=\"biaoqing\" src=\"/usr/themes/Ying/assets/OwO/owo/adai/E58692E6B197.gif\">",
			"data": ":*(冒汗)",
			"text": "冒汗"
			},
			{
			"icon": "<img class=\"biaoqing\" src=\"/usr/themes/Ying/assets/OwO/owo/adai/E997ADE598B4.gif\">",
			"data": ":*(闭嘴)",
			"text": "闭嘴"
			}			
	]},
	"Aru": {
	"type": "image",
	"container": [
	        {
	    "icon": "<img class=\"biaoqing\" src=\"/usr/themes/Ying/assets/OwO/owo/aru/E58F91E781AB_2x.png\">",
	    "data": ":@(发火)",
	    "text": "发火"
	        },
			{
			"icon": "<img class=\"biaoqing\" src=\"/usr/themes/Ying/assets/OwO/owo/aru/E7BEA1E68595_2x.png\">",
			"data": ":@(羡慕)",
			"text": "羡慕"
			},
			{
			"icon": "<img class=\"biaoqing\" src=\"/usr/themes/Ying/assets/OwO/owo/aru/E59090E8A180E58092E59CB0_2x.png\">",
			"data": ":@(吐血倒地)",
			"text": "吐血倒地"
			},
			{
			"icon": "<img class=\"biaoqing\" src=\"/usr/themes/Ying/assets/OwO/owo/aru/E59090E8A180_2x.png\">",
			"data": ":@(吐血)",
			"text": "吐血"
			},
			{
			"icon": "<img class=\"biaoqing\" src=\"/usr/themes/Ying/assets/OwO/owo/aru/E68AB1E68AB1_2x.png\">",
			"data": ":@(抱抱)",
			"text": "抱抱"
			},
			{
			"icon": "<img class=\"biaoqing\" src=\"/usr/themes/Ying/assets/OwO/owo/aru/E9BC93E68E8C_2x.png\">",
			"data": ":@(鼓掌)",
			"text": "鼓掌"
			},
			{
			"icon": "<img class=\"biaoqing\" src=\"/usr/themes/Ying/assets/OwO/owo/aru/E59186E6BB9E_2x.png\">",
			"data": ":@(呆滞)",
			"text": "呆滞"
			},
			{
			"icon": "<img class=\"biaoqing\" src=\"/usr/themes/Ying/assets/OwO/owo/aru/E6B581E6B3AA_2x.png\">",
			"data": ":@(流泪)",
			"text": "流泪"
			},
			{
			"icon": "<img class=\"biaoqing\" src=\"/usr/themes/Ying/assets/OwO/owo/aru/E5AB8CE79691_2x.png\">",
			"data": ":@(嫌疑)",
			"text": "嫌疑"
			},
			{
			"icon": "<img class=\"biaoqing\" src=\"/usr/themes/Ying/assets/OwO/owo/aru/E781B5E9AD82E587BAE7AA8D_2x.png\">",
			"data": ":@(灵魂出窍)",
			"text": "灵魂出窍"
			},
			{
			"icon": "<img class=\"biaoqing\" src=\"/usr/themes/Ying/assets/OwO/owo/aru/E59BA7_2x.png\">",
			"data": ":@(囧)",
			"text": "囧"
			},
			{
			"icon": "<img class=\"biaoqing\" src=\"/usr/themes/Ying/assets/OwO/owo/aru/E6838AE6858C_2x.png\">",
			"data": ":@(惊慌)",
			"text": "惊慌"
			},
			{
			"icon": "<img class=\"biaoqing\" src=\"/usr/themes/Ying/assets/OwO/owo/aru/E6B581E58FA3E6B0B4_2x.png\">",
			"data": ":@(流口水)",
			"text": "流口水"
			},
			{
			"icon": "<img class=\"biaoqing\" src=\"/usr/themes/Ying/assets/OwO/owo/aru/E98081E88AB1E88AB1_2x.png\">",
			"data": ":@(送花花)",
			"text": "送花花"
			},
			{
			"icon": "<img class=\"biaoqing\" src=\"/usr/themes/Ying/assets/OwO/owo/aru/E4B88DE9AB98E585B4_2x.png\">",
			"data": ":@(不高兴)",
			"text": "不高兴"
			},
			{
			"icon": "<img class=\"biaoqing\" src=\"/usr/themes/Ying/assets/OwO/owo/aru/E998B4E999A9_2x.png\">",
			"data": ":@(阴险)",
			"text": "阴险"
			},
			{
			"icon": "<img class=\"biaoqing\" src=\"/usr/themes/Ying/assets/OwO/owo/aru/E68D85E6ADBBE4BDA0_2x.png\">",
			"data": ":@(捅死你)",
			"text": "捅死你"
			},
			{
			"icon": "<img class=\"biaoqing\" src=\"/usr/themes/Ying/assets/OwO/owo/aru/E69A97E4B8ADE8A782E5AF9F_2x.png\">",
			"data": ":@(暗中观察)",
			"text": "暗中观察"
			},
			{
			"icon": "<img class=\"biaoqing\" src=\"/usr/themes/Ying/assets/OwO/owo/aru/E593B2E5ADA6E6809DE88083_2x.png\">",
			"data": ":@(哲学思考)",
			"text": "哲学思考"
			},
			{
			"icon": "<img class=\"biaoqing\" src=\"/usr/themes/Ying/assets/OwO/owo/aru/E697A0E5A588_2x.png\">",
			"data": ":@(无奈)",
			"text": "无奈"
			},
			{
			"icon": "<img class=\"biaoqing\" src=\"/usr/themes/Ying/assets/OwO/owo/aru/E5989FE598B4_2x.png\">",
			"data": ":@(嘟嘴)",
			"text": "嘟嘴"
			},
			{
			"icon": "<img class=\"biaoqing\" src=\"/usr/themes/Ying/assets/OwO/owo/aru/E5A4A7E4BDAC_2x.png\">",
			"data": ":@(大佬)",
			"text": "大佬"
			},
			{
			"icon": "<img class=\"biaoqing\" src=\"/usr/themes/Ying/assets/OwO/owo/aru/E997ADE598B4_2x.png\">",
			"data": ":@(闭嘴)",
			"text": "闭嘴"
			},
			{
			"icon": "<img class=\"biaoqing\" src=\"/usr/themes/Ying/assets/OwO/owo/aru/E5AEB3E7BE9E_2x.png\">",
			"data": ":@(害羞)",
			"text": "害羞"
			},
			{
			"icon": "<img class=\"biaoqing\" src=\"/usr/themes/Ying/assets/OwO/owo/aru/E884B8E7BAA2_2x.png\">",
			"data": ":@(脸红)",
			"text": "脸红"
			},
			{
			"icon": "<img class=\"biaoqing\" src=\"/usr/themes/Ying/assets/OwO/owo/aru/E9BB91E7BABF_2x.png\">",
			"data": ":@(黑线)",
			"text": "黑线"
			},
			{
			"icon": "<img class=\"biaoqing\" src=\"/usr/themes/Ying/assets/OwO/owo/aru/E4B8BEE799BDE69797_2x.png\">",
			"data": ":@(举白旗)",
			"text": "举白旗"
			},
			{
			"icon": "<img class=\"biaoqing\" src=\"/usr/themes/Ying/assets/OwO/owo/aru/E8B59E_2x.png\">",
			"data": ":@(赞)",
			"text": "赞"
			},
			{
			"icon": "<img class=\"biaoqing\" src=\"/usr/themes/Ying/assets/OwO/owo/aru/E59090E8888CE5A4B4_2x.png\">",
			"data": ":@(吐舌头)",
			"text": "吐舌头"
			}
				
	]},
	"Quyin": {
	"type": "image",
	"container": [
	        {
			"icon": "<img class=\"biaoqing\" src=\"/usr/themes/Ying/assets/OwO/owo/quyin/E89B86E99FB3E6BB91E7A8BD_2x.png\">",
			"data": ":&(蛆音滑稽)",
			"text": "蛆音滑稽"
	        },
			{
			"icon": "<img class=\"biaoqing\" src=\"/usr/themes/Ying/assets/OwO/owo/quyin/E89B86E99FB3E99C87E6838A_2x.png\">",
			"data": ":&(蛆音震惊)",
			"text": "蛆音震惊"
			},
			{
			"icon": "<img class=\"biaoqing\" src=\"/usr/themes/Ying/assets/OwO/owo/quyin/E89B86E99FB3E7949FE6B094_2x.png\">",
			"data": ":&(蛆音生气)",
			"text": "蛆音生气"
			},
			{
			"icon": "<img class=\"biaoqing\" src=\"/usr/themes/Ying/assets/OwO/owo/quyin/E89B86E99FB3E59093E593AD_2x.png\">",
			"data": ":&(蛆音吓哭)",
			"text": "蛆音吓哭"
			},
			{
			"icon": "<img class=\"biaoqing\" src=\"/usr/themes/Ying/assets/OwO/owo/quyin/E89B86E99FB3E8A180E8BABA_2x.png\">",
			"data": ":&(蛆音血躺)",
			"text": "蛆音血躺"
			},
			{
			"icon": "<img class=\"biaoqing\" src=\"/usr/themes/Ying/assets/OwO/owo/quyin/E89B86E99FB3E79691E68391_2x.png\">",
			"data": ":&(蛆音疑惑)",
			"text": "蛆音疑惑"
			},
			{
			"icon": "<img class=\"biaoqing\" src=\"/usr/themes/Ying/assets/OwO/owo/quyin/E89B86E99FB3E68DA1E882A5E79A82_2x.png\">",
			"data": ":&(蛆音捡肥皂)",
			"text": "蛆音捡肥皂"
			},
			{
			"icon": "<img class=\"biaoqing\" src=\"/usr/themes/Ying/assets/OwO/owo/quyin/E89B86E99FB3E68D82E884B8_2x.png\">",
			"data": ":&(蛆音捂脸)",
			"text": "蛆音捂脸"
			},
			{
			"icon": "<img class=\"biaoqing\" src=\"/usr/themes/Ying/assets/OwO/owo/quyin/E89B86E99FB3E59090E8A180E79FB3E58C96_2x.png\">",
			"data": ":&(蛆音吐血石化)",
			"text": "蛆音吐血石化"
			},
			{
			"icon": "<img class=\"biaoqing\" src=\"/usr/themes/Ying/assets/OwO/owo/quyin/E89B86E99FB3E593BCE6B094_2x.png\">",
			"data": ":&(蛆音哼气)",
			"text": "蛆音哼气"
			},
			{
			"icon": "<img class=\"biaoqing\" src=\"/usr/themes/Ying/assets/OwO/owo/quyin/E89B86E99FB3E5A4A7E7AC91_2x.png\">",
			"data": ":&(蛆音大笑)",
			"text": "蛆音大笑"
			},
			{
			"icon": "<img class=\"biaoqing\" src=\"/usr/themes/Ying/assets/OwO/owo/quyin/E89B86E99FB3E581B7E79C8B_2x.png\">",
			"data": ":&(蛆音偷看)",
			"text": "蛆音偷看"
			},
			{
			"icon": "<img class=\"biaoqing\" src=\"/usr/themes/Ying/assets/OwO/owo/quyin/E89B86E99FB3E58D96E8908C_2x.png\">",
			"data": ":&(蛆音卖萌)",
			"text": "蛆音卖萌"
			},
			{
			"icon": "<img class=\"biaoqing\" src=\"/usr/themes/Ying/assets/OwO/owo/quyin/E89B86E99FB3E5A5BDE79A84_2x.png\">",
			"data": ":&(蛆音好的)",
			"text": "蛆音好的"
			},
			{
			"icon": "<img class=\"biaoqing\" src=\"/usr/themes/Ying/assets/OwO/owo/quyin/E89B86E99FB3E6838AE59093_2x.png\">",
			"data": ":&(蛆音惊吓)",
			"text": "蛆音惊吓"
			},
			{
			"icon": "<img class=\"biaoqing\" src=\"/usr/themes/Ying/assets/OwO/owo/quyin/E89B86E99FB3E69187E5A4B4_2x.png\">",
			"data": ":&(蛆音摇头)",
			"text": "蛆音摇头"
			},
			{
			"icon": "<img class=\"biaoqing\" src=\"/usr/themes/Ying/assets/OwO/owo/quyin/E89B86E99FB3E79DA1E8A789_2x.png\">",
			"data": ":&(蛆音睡觉)",
			"text": "蛆音睡觉"
			},
			{
			"icon": "<img class=\"biaoqing\" src=\"/usr/themes/Ying/assets/OwO/owo/quyin/E89B86E99FB3E697A0E8AFAD_2x.png\">",
			"data": ":&(蛆音无语)",
			"text": "蛆音无语"
			},
			{
			"icon": "<img class=\"biaoqing\" src=\"/usr/themes/Ying/assets/OwO/owo/quyin/E89B86E99FB3E59083E7939C_2x.png\">",
			"data": ":&(蛆音吃瓜)",
			"text": "蛆音吃瓜"
			},
			{
			"icon": "<img class=\"biaoqing\" src=\"/usr/themes/Ying/assets/OwO/owo/quyin/E89B86E99FB3E887AAE6818B_2x.png\">",
			"data": ":&(蛆音自恋)",
			"text": "蛆音自恋"
			}
	]}
	}